NroInstrumento;LinkExterno;Modalidade;ValorDoInstrumento;IngressoDeContrapartida;AcaoOrçamentaria;Objeto;NomeProponente;Estado;CNPJ;SituacaoInstrumento;DataFimDeVigenciaConv;NroProcesso;NroDaEmenda
915343;https://discricionarias.transferegov.sistema.gov.br/voluntarias/ConsultarProposta/ResultadoDaConsultaDePropostaDetalharProposta.do?idProposta=1660170&Usr=guest&Pwd=guest;CONVENIO;;15000.00;2E870028;Estruturação das atividades de saúde e bem-estar animal, incluído o controle populacional de cães e gatos no município de São Cristóvão/SE.;MUNICIPIO DE SAO CRISTOVAO;;13.128.855/0001-44;Prestação de Contas enviada para Análise;2022-11-10;02000.002546/2021-60;26080001
915333;https://discricionarias.transferegov.sistema.gov.br/voluntarias/ConsultarProposta/ResultadoDaConsultaDePropostaDetalharProposta.do?idProposta=1662492&Usr=guest&Pwd=guest;CONVENIO;;2500.00;2E870015;Estruturação das atividades de saúde e bem-estar animal, incluído o controle populacional de cães e gatos.;MUNICIPIO DE BENEVIDES;;05.058.466/0001-61;Prestação de Contas enviada para Análise;2022-11-10;02000.002530/2021-50;39330004
914572;https://discricionarias.transferegov.sistema.gov.br/voluntarias/ConsultarProposta/ResultadoDaConsultaDePropostaDetalharProposta.do?idProposta=1659041&Usr=guest&Pwd=guest;CONVENIO;;160;2E870023;Estruturação das atividades de saúde e bem-estar animal, com enfoque no controle populacional de cães e gatos no Município de Orós;MUNICIPIO DE OROS;;07.670.821/0001-84;Prestação de Contas em Análise;2022-11-10;02000.002493/2021-80;20830011
914529;https://discricionarias.transferegov.sistema.gov.br/voluntarias/ConsultarProposta/ResultadoDaConsultaDePropostaDetalharProposta.do?idProposta=1658998&Usr=guest&Pwd=guest;CONVENIO;;178114.00;2E870023;Estruturação das atividades de saúde e bem-estar animal, com enfoque no controle populacional de cães e gatos no Município de Crato;MUNICIPIO DE CRATO;;07.587.975/0001-07;Prestação de Contas em Análise;2022-11-10;02000.002491/2021-90;20830011
915434;https://discricionarias.transferegov.sistema.gov.br/voluntarias/ConsultarProposta/ResultadoDaConsultaDePropostaDetalharProposta.do?idProposta=1659352&Usr=guest&Pwd=guest;CONVENIO;;1800.00;2E870043;Ampliação das atividades de saúde e bem-estar animal, incluíndo o controle populacional de cães e gatos no município de Canoas – RS.;MUNICIPIO DE CANOAS;;88.577.416/0001-18;Prestação de Contas em Análise;2022-11-26;02000.002630/2021-80;28630006
919251;https://discricionarias.transferegov.sistema.gov.br/voluntarias/ConsultarProposta/ResultadoDaConsultaDePropostaDetalharProposta.do?idProposta=1657912&Usr=guest&Pwd=guest;CONVENIO;;0;2E870043;Estruturação das atividades de saúde e bem-estar animal, incluindo o controle populacional e vacinação de cães e gatos.;MUNICIPIO DE ESTANCIA VELHA;;88.254.883/0001-07;Aguardando Prestação de Contas;2022-12-10;02000.002609/2021-80;32400001
919078;https://discricionarias.transferegov.sistema.gov.br/voluntarias/ConsultarProposta/ResultadoDaConsultaDePropostaDetalharProposta.do?idProposta=1658479&Usr=guest&Pwd=guest;CONVENIO;;30000.00;2E870033;Estruturação das atividades de saúde e bem estar animal, incluindo o controle populacional de cães e gatos.;MUNICIPIO DE MENDES;;28.580.694/0001-00;Aguardando Prestação de Contas;2022-12-10;02000.002548/2021-50;27780010
915305;https://discricionarias.transferegov.sistema.gov.br/voluntarias/ConsultarProposta/ResultadoDaConsultaDePropostaDetalharProposta.do?idProposta=1657635&Usr=guest&Pwd=guest;CONVENIO;;30000.00;2E870043;ESTRUTURAÇÃO DE ATIVIDADES E CONSCIENTIZAÇÃO DE SAÚDE PÚBLICA, BEM-ESTAR ANIMAL E CONTROLE POPULACIONAL DE CÃES E GATOS.;MUNICIPIO DE QUARAI;;88.123.492/0001-53;Prestação de Contas enviada para Análise;2022-12-10;02000.002651/2021-00;40730006
915474;https://discricionarias.transferegov.sistema.gov.br/voluntarias/ConsultarProposta/ResultadoDaConsultaDePropostaDetalharProposta.do?idProposta=1661132&Usr=guest&Pwd=guest;CONVENIO;;61433.33;2E870043;Estruturação das atividades de saúde e bem-estar animal, com enfoque no controle populacional de cães e gatos.;MUNICIPIO DO RIO GRANDE;;88.566.872/0001-62;Aguardando Prestação de Contas;2022-12-16;02000.002610/2021-10;32400001
913885;https://discricionarias.transferegov.sistema.gov.br/voluntarias/ConsultarProposta/ResultadoDaConsultaDePropostaDetalharProposta.do?idProposta=1661334&Usr=guest&Pwd=guest;CONVENIO;;0;2E870033;Contribuir para o controle da população de animais em situações excepcionais.;MUNICIPIO DE IGUABA GRANDE;;01.615.882/0001-62;Aguardando Prestação de Contas;2022-12-16;02000.002474/2021-50;37650002
915334;https://discricionarias.transferegov.sistema.gov.br/voluntarias/ConsultarProposta/ResultadoDaConsultaDePropostaDetalharProposta.do?idProposta=1662743&Usr=guest&Pwd=guest;CONVENIO;;1000.00;2E870035;- Ações de controle populacional de animais em situação de rua e vulneráveis no município de Dourado, estado de São Paulo.;MUNICIPIO DE DOURADO;;51.814.960/0001-26;Prestação de Contas enviada para Análise;2022-12-20;02000.002533/2021-90;39460004
921144;https://discricionarias.transferegov.sistema.gov.br/voluntarias/ConsultarProposta/ResultadoDaConsultaDePropostaDetalharProposta.do?idProposta=1718946&Usr=guest&Pwd=guest;CONVENIO;;0;2E870031;Estruturação das atividades de saúde e bem estar animal com controle populacional de animais através de veículo Castramovel;MUNICIPIO DE LAMBARI;;17.877.200/0001-20;Aguardando Prestação de Contas;2022-12-27;02000.002631/2021-20;27550007
919577;https://discricionarias.transferegov.sistema.gov.br/voluntarias/ConsultarProposta/ResultadoDaConsultaDePropostaDetalharProposta.do?idProposta=1699299&Usr=guest&Pwd=guest;CONVENIO;;0;2E870027;Estruturação das Atividades de Saúde e Bem-estar animal, incluído o Controle Populacional de Cães e Gatos;MUNICIPIO DE MARAGOGI;;12.248.522/0001-96;Aguardando Prestação de Contas;2022-12-27;02000.002674/2021-10;41780009
919248;https://discricionarias.transferegov.sistema.gov.br/voluntarias/ConsultarProposta/ResultadoDaConsultaDePropostaDetalharProposta.do?idProposta=1701293&Usr=guest&Pwd=guest;CONVENIO;;1200.00;2E870035;Estruturação das atividades de saúde e bem-estar animal, incluído o controle populacional de cães e gatos;MUNICIPIO DE MARACAI;;44.494.136/0001-70;Prestação de Contas enviada para Análise;2022-12-27;02000.005480/2021-60;28150003
915359;https://discricionarias.transferegov.sistema.gov.br/voluntarias/ConsultarProposta/ResultadoDaConsultaDePropostaDetalharProposta.do?idProposta=1663487&Usr=guest&Pwd=guest;TERMO DE FOMENTO;;0;2E870035;Implementação de Controle Populacional de cães e gatos no Município de Santos, Estado de São Paulo visando a redução da proliferação destes animais, através da castração de cadelas e gatas.;O.N.G. VIVA BICHO;;04.024.684/0001-12;Prestação de Contas enviada para Análise;2022-12-27;02000.002671/2021-70;41710001
915267;https://discricionarias.transferegov.sistema.gov.br/voluntarias/ConsultarProposta/ResultadoDaConsultaDePropostaDetalharProposta.do?idProposta=1663689&Usr=guest&Pwd=guest;TERMO DE FOMENTO;;0;2E870023;Campanhas de conscientização para a população de tutores de animais, bem como ações de saúde e resgate de animais em situação de rua no Município de Icó.;APACI - ASSOCIACAO DE PROTECAO AOS ANIMAIS CARENTES DE ICO;;21.261.609/0001-94;Prestação de Contas enviada para Análise;2022-12-27;02000.002743/2021-80;41380019
922859;https://discricionarias.transferegov.sistema.gov.br/voluntarias/ConsultarProposta/ResultadoDaConsultaDePropostaDetalharProposta.do?idProposta=1724588&Usr=guest&Pwd=guest;CONVENIO;;0;2E870031;Apoiar a modernização da estrutura móvel de atendimento veterinários para esterilização, saúde e bem-estar animal;CONSORCIO INTERMUNICIPAL MULTIFINALITARIO DO VALE DO PARAIBUNA - CIMPAR;;21.565.740/0001-45;Aguardando Prestação de Contas;2022-12-31;02000.002456/2021-70;14080007
921116;https://discricionarias.transferegov.sistema.gov.br/voluntarias/ConsultarProposta/ResultadoDaConsultaDePropostaDetalharProposta.do?idProposta=1664034&Usr=guest&Pwd=guest;TERMO DE FOMENTO;;0;2E873193;ADQUIRIR ALIMENTOS E MEDICAMENTOS PARA CÃES E GATOS RESGATADOS VIZANDO O CONTROLE DE ZOONOSES.;ASORIPA ASSOCIACAO RIO-BRANQUENSE DE PROTECAO AOS ANIMAIS;;03.784.082/0001-09;Aguardando Prestação de Contas;2022-12-31;02000.002595/2021-00;40640023
918984;https://discricionarias.transferegov.sistema.gov.br/voluntarias/ConsultarProposta/ResultadoDaConsultaDePropostaDetalharProposta.do?idProposta=1700435&Usr=guest&Pwd=guest;CONVENIO;;0;2E870035;Estruturação das atividades de saúde e bem-estar animal, incluído o controle populacional de cães e gatos.;MUNICIPIO DE JABOTICABAL;;50.387.844/0001-05;Aguardando Prestação de Contas;2022-12-31;02000.005448/2021-80;28150003
917822;https://discricionarias.transferegov.sistema.gov.br/voluntarias/ConsultarProposta/ResultadoDaConsultaDePropostaDetalharProposta.do?idProposta=1663666&Usr=guest&Pwd=guest;TERMO DE FOMENTO;;0;2E870023;Qualificação de estrutura para cuidado da saúde e controle da população animal através de cuidado veterinário na Vila de Jericoacoara.;ASSOCIACAO PROTETORA DOS ANIMAIS JERI SOBRE PATAS;;21.928.837/0001-75;Prestação de Contas enviada para Análise;2022-12-31;02000.002665/2021-10;41380019
915395;https://discricionarias.transferegov.sistema.gov.br/voluntarias/ConsultarProposta/ResultadoDaConsultaDePropostaDetalharProposta.do?idProposta=1656607&Usr=guest&Pwd=guest;CONVENIO;;5000.00;2E870015;Estruturação das atividades de saúde e bem estar animal, incluindo o controle populacional de cães e gatos.;MUNICIPIO DE CAPANEMA;;05.149.091/0001-45;Prestação de Contas enviada para Análise;2022-12-31;02000.002471/2021-10;39720002
914149;https://discricionarias.transferegov.sistema.gov.br/voluntarias/ConsultarProposta/ResultadoDaConsultaDePropostaDetalharProposta.do?idProposta=1659260&Usr=guest&Pwd=guest;CONVENIO;;641.3;2E870025;Estruturação das atividades de saúde e bem-estar animal, incluído o controle populacional de cães e gatos;MUNICIPIO DE SAO BENTO;;09.069.709/0001-18;Prestação de Contas enviada para Análise;2023-02-28;02000.002619/2021-10;37390015
913448;https://discricionarias.transferegov.sistema.gov.br/voluntarias/ConsultarProposta/ResultadoDaConsultaDePropostaDetalharProposta.do?idProposta=1658593&Usr=guest&Pwd=guest;TERMO DE FOMENTO;;0;2E870024;Contribuir para o controle populacional dos animais de rua através de atendimento médico veterinário, exames e castração de cães e gatos vítimas de maus-tratos e abandono no município de Caicó/RN.;ASSOCIACAO CAICOENSE DE PROTECAO AOS ANIMAIS E MEIO AMBIENTE ACAPAM;;20.326.345/0001-47;Aguardando Prestação de Contas;2023-03-28;02000.002624/2021-20;37420006
915397;https://discricionarias.transferegov.sistema.gov.br/voluntarias/ConsultarProposta/ResultadoDaConsultaDePropostaDetalharProposta.do?idProposta=1657516&Usr=guest&Pwd=guest;CONVENIO;;14400.00;2E870015;Estruturação das atividades de saúde e bem-estar animal, incluído o controle populacional de cães e gatos.;MUNICIPIO DE BRAGANCA;;04.873.592/0001-07;Aguardando Prestação de Contas;2023-03-31;02000.002465/2021-60;39720002
915221;https://discricionarias.transferegov.sistema.gov.br/voluntarias/ConsultarProposta/ResultadoDaConsultaDePropostaDetalharProposta.do?idProposta=1660632&Usr=guest&Pwd=guest;CONVENIO;;88000.00;2E870043;Estruturação das atividades de saúde e bem-estar animal, incluindo o controle populacional de cães e gatos.;MUNICIPIO DE PORTO ALEGRE;;92.963.560/0001-60;Prestação de Contas Iniciada Por Antecipação;2023-04-25;02000.002524/2021-00;39200010
913553;https://discricionarias.transferegov.sistema.gov.br/voluntarias/ConsultarProposta/ResultadoDaConsultaDePropostaDetalharProposta.do?idProposta=1661428&Usr=guest&Pwd=guest;CONVENIO;182584.00;2584.00;2E872127;Contribuir para o controle da população de animais em situações excepcionais, no Município de Itororó-BA.;MUNICIPIO DE ITORORO;BA;13.752.993/0001-08;Em execução;2023-05-10;02000.002472/2021-60;37520007
915271;https://discricionarias.transferegov.sistema.gov.br/voluntarias/ConsultarProposta/ResultadoDaConsultaDePropostaDetalharProposta.do?idProposta=1661176&Usr=guest&Pwd=guest;CONVENIO;250000.00;0;2E870052;Estruturação das atividades de saúde e bem-estar animal, incluído o controle populacional de cães e gatos.;MUNICIPIO DE GOIANIA;GO;01.612.092/0001-23;Em execução;2023-05-19;02000.002477/2021-90;39740017
915460;https://discricionarias.transferegov.sistema.gov.br/voluntarias/ConsultarProposta/ResultadoDaConsultaDePropostaDetalharProposta.do?idProposta=1658265&Usr=guest&Pwd=guest;CONVENIO;258000.00;3000.00;2E870032;Estruturação das atividades de saúde e bem-estar animal, incluído o controle populacional de cães e gatos.;MUNICIPIO DE CACHOEIRO DE ITAPEMIRIM;ES;27.165.588/0001-90;Em execução;2023-05-26;02000.002601/2021-10;30930008
919202;https://discricionarias.transferegov.sistema.gov.br/voluntarias/ConsultarProposta/ResultadoDaConsultaDePropostaDetalharProposta.do?idProposta=1702322&Usr=guest&Pwd=guest;CONVENIO;101500.00;1500.00;2E870035;Estruturação das atividades de saúde e bem estar animal, incluído o controle populacional de cães e gatos no município de Taquaritinga/SP.;MUNICIPIO DE TAQUARITINGA;SP;72.130.818/0001-30;Em execução;2023-06-08;02000.005407/2021-90;28150003
919201;https://discricionarias.transferegov.sistema.gov.br/voluntarias/ConsultarProposta/ResultadoDaConsultaDePropostaDetalharProposta.do?idProposta=1701269&Usr=guest&Pwd=guest;CONVENIO;121960.00;20500.00;2E870035;Estruturação do Programa de controle populacional e provimento de bem estar animal por meio de implantação de projeto de esterilização de cães e gatos do município de Itapira.;MUNICIPIO DE ITAPIRA;SP;45.281.144/0001-00;Em execução;2023-06-10;02000.005463/2021-20;28150003
919196;https://discricionarias.transferegov.sistema.gov.br/voluntarias/ConsultarProposta/ResultadoDaConsultaDePropostaDetalharProposta.do?idProposta=1661502&Usr=guest&Pwd=guest;CONVENIO;175000.00;10000.10;2E870035;Estruturação das atividades de saúde e bem-estar animal, incluindo o controle populacional de cães e gatos;MUNICIPIO DE CAPAO BONITO;SP;46.634.259/0001-95;Em execução;2023-06-10;02000.002557/2021-40;28010009
915577;https://discricionarias.transferegov.sistema.gov.br/voluntarias/ConsultarProposta/ResultadoDaConsultaDePropostaDetalharProposta.do?idProposta=1656565&Usr=guest&Pwd=guest;CONVENIO;225000.00;250;2E870033;Estruturação das atividades de saúde e bem estar animal, incluindo o controle populacional de cães e gatos.;MUNICIPIO DE CANTAGALO;RJ;28.645.794/0001-60;Em execução;2023-06-10;02000.002668/2021-50;41580003
915316;https://discricionarias.transferegov.sistema.gov.br/voluntarias/ConsultarProposta/ResultadoDaConsultaDePropostaDetalharProposta.do?idProposta=1658655&Usr=guest&Pwd=guest;CONVENIO;208000.00;0;2E870043;Estruturação das atividades de saúde e bem-estar animal, incluído o controle populacional de cães e gatos no município de Santa Vitória do Palmar.;MUNICIPIO DE SANTA VITORIA DO PALMAR;RS;88.824.099/0001-97;Em execução;2023-06-10;02000.002655/2021-80;40730006
919235;https://discricionarias.transferegov.sistema.gov.br/voluntarias/ConsultarProposta/ResultadoDaConsultaDePropostaDetalharProposta.do?idProposta=1663687&Usr=guest&Pwd=guest;CONVENIO;261000.00;1000.00;2E870026;Estruturação das atividades de saúde e bem-estar animal, incluído o controle populacional de cães e gatos.;MUNICIPIO DE CAMARAGIBE;PE;08.260.663/0001-57;Em execução;2023-06-16;02000.002600/2021-70;30800002
915342;https://discricionarias.transferegov.sistema.gov.br/voluntarias/ConsultarProposta/ResultadoDaConsultaDePropostaDetalharProposta.do?idProposta=1662420&Usr=guest&Pwd=guest;TERMO DE FOMENTO;199758.22;0;2E870023;Fortalecimento dos cuidados e controle populacional dos animais em situação de rua no Município de Fortaleza-CE.;ORGANIZACAO NAO GOVERNAMENTAL SAO LAZARO - APOIO AO ANIMAL CARENTE;CE;13.043.465/0001-71;Em execução;2023-06-16;02000.002680/2021-60;39360001
915399;https://discricionarias.transferegov.sistema.gov.br/voluntarias/ConsultarProposta/ResultadoDaConsultaDePropostaDetalharProposta.do?idProposta=1661805&Usr=guest&Pwd=guest;TERMO DE FOMENTO;150000.00;0;2E870023;Ações de controle populacional e atenção veterinária à cães e gatos vulneráveis ou em situação de rua na Região Metropolitana do Cariri Cearense. Nesse Projeto Piloto serão contempladas as cidades de Crato, Juazeiro do Norte e Barbalha (CRAJUBAR) e servirá de referência para futuras ações que visam abranger todo o Cariri Cearense que é composto por 29 cidades.;INSTITUTO PET SOCIAL PATINHAS DE RUA;CE;27.848.230/0001-61;Em execução;2023-06-17;02000.002532/2021-40;39360001
919933;https://discricionarias.transferegov.sistema.gov.br/voluntarias/ConsultarProposta/ResultadoDaConsultaDePropostaDetalharProposta.do?idProposta=1719004&Usr=guest&Pwd=guest;CONVENIO;252526.00;2526.00;2E870031;Estruturação das atividades de saúde e bem-estar animal, incluído o controle populacional de cães e gatos.;MUNICIPIO DE ITAJUBA;MG;18.025.940/0001-09;Em execução;2023-06-20;02000.002632/2021-70;27550007
919437;https://discricionarias.transferegov.sistema.gov.br/voluntarias/ConsultarProposta/ResultadoDaConsultaDePropostaDetalharProposta.do?idProposta=1701454&Usr=guest&Pwd=guest;CONVENIO;101000.00;1000.00;2E870035;Estruturação das atividades de saúde e bem-estar animal, incluído o controle populacional de cães e gatos.;MUNICIPIO DE GUARARAPES;SP;48.468.284/0001-71;Em execução;2023-06-20;02000.005430/2021-80;28150003
919610;https://discricionarias.transferegov.sistema.gov.br/voluntarias/ConsultarProposta/ResultadoDaConsultaDePropostaDetalharProposta.do?idProposta=1663271&Usr=guest&Pwd=guest;CONVENIO;182000.00;0;2E870031;Estruturação das atividades de saúde e bem-estar animal, incluindo o controle populacional de cães e gatos.;MUNICIPIO DE SANTA VITORIA;MG;18.457.226/0001-81;Em execução;2023-06-27;02000.002744/2021-20;39900001
914640;https://discricionarias.transferegov.sistema.gov.br/voluntarias/ConsultarProposta/ResultadoDaConsultaDePropostaDetalharProposta.do?idProposta=1658652&Usr=guest&Pwd=guest;CONVENIO;189816.00;19816.67;2E871041;Controle populacional de animais errantes e pertencentes a moradores de baixa renda a fim de aumentar a qualidade de vida dos moradores através da Ampliação do Centro de Controle de Zoonoses da Prefeitura de São João da Barra- RJ.;MUNICIPIO DE SAO JOAO DA BARRA;RJ;29.116.902/0001-70;Em execução;2023-06-27;02000.002476/2021-40;37650002
914282;https://discricionarias.transferegov.sistema.gov.br/voluntarias/ConsultarProposta/ResultadoDaConsultaDePropostaDetalharProposta.do?idProposta=1661754&Usr=guest&Pwd=guest;CONVENIO;179900.00;9900.00;2E870033;Contribuir para o Controle da População de animais em Situações Excepcionais;MUNICIPIO DE CACHOEIRAS DE MACACU;RJ;29.128.766/0001-38;Em execução;2023-06-27;02000.002515/2021-10;37650002
918804;https://discricionarias.transferegov.sistema.gov.br/voluntarias/ConsultarProposta/ResultadoDaConsultaDePropostaDetalharProposta.do?idProposta=1697260&Usr=guest&Pwd=guest;CONVENIO;345160.00;3750.00;2E870032;Estruturação das atividades de saúde e bem-estar animal, incluindo o controle populacional de cães e gatos.;MUNICIPIO DE VILA VELHA;ES;27.165.554/0001-03;Em execução;2023-07-01;02000.002488/2021-70;14180009
915456;https://discricionarias.transferegov.sistema.gov.br/voluntarias/ConsultarProposta/ResultadoDaConsultaDePropostaDetalharProposta.do?idProposta=1662470&Usr=guest&Pwd=guest;CONVENIO;196600.00;28104.00;2E870043;Estruturação das atividades de saúde e bem-estar animal, incluído ocontrole populacional de cães e gatos, por meio da aquisição de Unidade Móvel de Esterilização e Educação em Saúde (UMEES).;MUNICIPIO DE CAXIAS DO SUL;RS;88.830.609/0001-39;Em execução;2023-07-01;02000.002581/2021-80;28630006
915433;https://discricionarias.transferegov.sistema.gov.br/voluntarias/ConsultarProposta/ResultadoDaConsultaDePropostaDetalharProposta.do?idProposta=1658658&Usr=guest&Pwd=guest;CONVENIO;208000.00;0;2E870043;Estruturação das atividades de saúde e bem-estar animal, incluído o controle populacional de cães e gatos no município de Santa Vitória do Palmar.;MUNICIPIO DE SANTA VITORIA DO PALMAR;RS;88.824.099/0001-97;Em execução;2023-07-01;02000.002629/2021-50;28580007
915272;https://discricionarias.transferegov.sistema.gov.br/voluntarias/ConsultarProposta/ResultadoDaConsultaDePropostaDetalharProposta.do?idProposta=1663447&Usr=guest&Pwd=guest;CONVENIO;216460.00;36460.00;2E870043;Estruturação de atividades e conscientização de saúde, bem-estar animal e controle populacional de cães e gatos.;MUNICIPIO DE SOBRADINHO;RS;87.592.861/0001-94;Em execução;2023-08-10;02000.002676/2021-00;41680007
929254;https://discricionarias.transferegov.sistema.gov.br/voluntarias/ConsultarProposta/ResultadoDaConsultaDePropostaDetalharProposta.do?idProposta=1748346&Usr=guest&Pwd=guest;TERMO DE FOMENTO;100000.00;0;1,04E+91;Contribuir para a melhoraria dos serviços de atenção veterinária de animais em situações excepcionais ou de vulnerabilidade.;INSTITUTO PET SOCIAL PATINHAS DE RUA;CE;27.848.230/0001-61;Em execução;2023-08-21;02000.001768/2022-40;39360003
913713;https://discricionarias.transferegov.sistema.gov.br/voluntarias/ConsultarProposta/ResultadoDaConsultaDePropostaDetalharProposta.do?idProposta=1658639&Usr=guest&Pwd=guest;TERMO DE FOMENTO;100000.00;0;2E870024;Contribuir para o controle populacional dos animais de rua através de atendimento, castração e alimentação de cães e gatos vítimas de maus-tratos e abandono na região metropolitana de Natal e Parnamirim/RN.;ORGANIZACAO NAO GOVERNAMENTAL PATAMADA;RN;12.273.307/0001-45;Em execução;2023-08-31;02000.002623/2021-80;37420006
915418;https://discricionarias.transferegov.sistema.gov.br/voluntarias/ConsultarProposta/ResultadoDaConsultaDePropostaDetalharProposta.do?idProposta=1662267&Usr=guest&Pwd=guest;TERMO DE FOMENTO;606000.00;0;2E870033;Implementar, o “PROJETO CARVANA PET” de modo a contribuir para o controle populacional de cães e gatos, bem como o controle de zoonoses, mediante ações de castrações em unidade de Castramóvel em municípios do estado do Rio de Janeiro.;ASSOCIACAO CASA DO PAI - P.A.I;RJ;08.913.297/0001-98;Em execução;2023-09-10;02000.002588/2021-00;39810006
914653;https://discricionarias.transferegov.sistema.gov.br/voluntarias/ConsultarProposta/ResultadoDaConsultaDePropostaDetalharProposta.do?idProposta=1659708&Usr=guest&Pwd=guest;CONVENIO;255190.48;5190.48;2E873410;Controle de População de Cães e Gatos no Município de Arujá.;MUNICIPIO DE ARUJA;SP;56.901.275/0001-50;Em execução;2023-09-10;02000.002545/2021-10;25320008
915425;https://discricionarias.transferegov.sistema.gov.br/voluntarias/ConsultarProposta/ResultadoDaConsultaDePropostaDetalharProposta.do?idProposta=1663103&Usr=guest&Pwd=guest;CONVENIO;196101.30;16101.30;2E870043;Aprimoramento das atividades de saúde e bem-estar animal, com enfoque no controle populacional de cães e gatos no Município de Lajeado/RS.;MUNICIPIO DE LAJEADO;RS;87.297.982/0001-03;Em execução;2023-10-01;02000.002628/2021-10;28580007
928856;https://discricionarias.transferegov.sistema.gov.br/voluntarias/ConsultarProposta/ResultadoDaConsultaDePropostaDetalharProposta.do?idProposta=1745997&Usr=guest&Pwd=guest;TERMO DE FOMENTO;250000.00;0;1,04E+91;Ações de atenção veterinária e controle populacional de cães em situação de rua, abandonados ou de lares carentes na região metropolitana de Curitiba;ASSOCIACAO PROJETO AJUDEI;PR;29.284.022/0001-02;Em execução;2023-10-03;02000.001787/2022-70;39150005
930148;https://discricionarias.transferegov.sistema.gov.br/voluntarias/ConsultarProposta/ResultadoDaConsultaDePropostaDetalharProposta.do?idProposta=1750188&Usr=guest&Pwd=guest;CONVENIO;256716.09;0;1,04E+91;Estruturação das atividades de saúde e bem-estar animal, incluído o controle populacional de cães e gatos.;MUNICIPIO DE LIMOEIRO DO NORTE;CE;07.891.674/0001-72;Em execução;2023-10-14;02000.001731/2022-10;27000010
930158;https://discricionarias.transferegov.sistema.gov.br/voluntarias/ConsultarProposta/ResultadoDaConsultaDePropostaDetalharProposta.do?idProposta=1748472&Usr=guest&Pwd=guest;CONVENIO;351000.00;0;1,04E+91;Aquisição de veículo reboque com a finalidade de funcionamento de serviço médico veterinário móvel (castramóvel), para estruturação das atividades de saúde e bem-estar animal, incluindo o controle populacional de cães e gatos.;MUNICIPIO DE MARIALVA;PR;76.282.680/0001-45;Em execução;2023-11-09;02000.001766/2022-50;40660008
915411;https://discricionarias.transferegov.sistema.gov.br/voluntarias/ConsultarProposta/ResultadoDaConsultaDePropostaDetalharProposta.do?idProposta=1660175&Usr=guest&Pwd=guest;CONVENIO;1800.00;83324.45;2E870035;Estruturação das atividades de saúde e bem-estar animal, incluída a aquisição de veículo reboque para tração de unidade móvel de Esterilização (Castramóvel) pertencente ao município, objetivando a contribuição no controle populacional de cães e gatos consoante com a Lei Municipal nº 11755, que institui o Programa de controle de animais domésticos no Município de Ribeirão Preto/SP.;MUNICIPIO DE RIBEIRAO PRETO;RJ;56.024.581/0001-56;Prestação de Contas Iniciada Por Antecipação;2023-11-10;02000.002536/2021-20;39550013
915409;https://discricionarias.transferegov.sistema.gov.br/voluntarias/ConsultarProposta/ResultadoDaConsultaDePropostaDetalharProposta.do?idProposta=1660886&Usr=guest&Pwd=guest;CONVENIO;198400.00;30000.00;2E870033;Estruturação de atividades de saúde e bem-estar animal, incluído o controle populacional de cães e gatos em situação de rua e vulneráveis no município de Conceição de Macabu/RJ.;MUNICIPIO DE CONCEICAO DE MACABU;RJ;29.115.466/0001-14;Em execução;2023-11-10;02000.002551/2021-70;27780010
915346;https://discricionarias.transferegov.sistema.gov.br/voluntarias/ConsultarProposta/ResultadoDaConsultaDePropostaDetalharProposta.do?idProposta=1656992&Usr=guest&Pwd=guest;CONVENIO;196333.00;48550.00;2E870033;Estruturação das atividades de saúde e bem esta animal, incluído o controle população de cães e gatos.;MUNICIPIO DE SAO SEBASTIAO DO ALTO;PB;28.645.786/0001-13;Em execução;2023-11-10;02000.002549/2021-00;27780010
915315;https://discricionarias.transferegov.sistema.gov.br/voluntarias/ConsultarProposta/ResultadoDaConsultaDePropostaDetalharProposta.do?idProposta=1658290&Usr=guest&Pwd=guest;CONVENIO;189000.00;56333.00;2E870025;Estruturação das Atividades de Saúde e Bem estar animal, incluído o controle populacional de cães e gatos.;MUNICIPIO DE JOAO PESSOA;RJ;08.778.326/0001-56;Em execução;2023-11-10;02000.002539/2021-60;39690009
914646;https://discricionarias.transferegov.sistema.gov.br/voluntarias/ConsultarProposta/ResultadoDaConsultaDePropostaDetalharProposta.do?idProposta=1660087&Usr=guest&Pwd=guest;CONVENIO;351000.00;19000.00;2E870033;Equipar o município para contribuir para o controle de zoonoses e controle populacional de cães e gatos.;MUNICIPIO DE VOLTA REDONDA;AC;32.512.501/0001-43;Em execução;2023-11-10;02000.002519/2021-90;37650002
914578;https://discricionarias.transferegov.sistema.gov.br/voluntarias/ConsultarProposta/ResultadoDaConsultaDePropostaDetalharProposta.do?idProposta=1661772&Usr=guest&Pwd=guest;CONVENIO;174333.33;1000.00;2E870012;Estruturação das atividades de saúde e bem-estar animal, com enfoque no controle populacional de cães e gatos no Município de Rio Branco/AC;MUNICIPIO DE RIO BRANCO;CE;04.034.583/0001-22;Em execução;2023-11-10;02000.002494/2021-20;24240007
914546;https://discricionarias.transferegov.sistema.gov.br/voluntarias/ConsultarProposta/ResultadoDaConsultaDePropostaDetalharProposta.do?idProposta=1657854&Usr=guest&Pwd=guest;CONVENIO;222990.00;4333.33;2E870023;Estruturação das atividades de saúde e bem-estar animal, com enfoque no controle populacional de cães e gatos no Município de Guaramiranga.;MUNICIPIO DE GUARAMIRANGA;MG;07.606.478/0001-09;Em execução;2023-11-10;02000.002492/2021-30;20830011
914382;https://discricionarias.transferegov.sistema.gov.br/voluntarias/ConsultarProposta/ResultadoDaConsultaDePropostaDetalharProposta.do?idProposta=1656859&Usr=guest&Pwd=guest;CONVENIO;366945.00;53990.00;2E870031;Estruturação das atividades de saúde e bem-estar animal, incluído o controle populacional de cães e gatos;MUNICIPIO DE MANHUACU;ES;18.385.088/0001-72;Em execução;2023-11-10;02000.002455/2021-20;14050008
916214;https://discricionarias.transferegov.sistema.gov.br/voluntarias/ConsultarProposta/ResultadoDaConsultaDePropostaDetalharProposta.do?idProposta=1662656&Usr=guest&Pwd=guest;TERMO DE FOMENTO;271450.00;0;-;Recuperação florestal em áreas de preservação permanente no entorno de nascentes e faixas marginais dos cursos d’água da bacia hidrográfica do rio Jucu no município de Marechal Floriano, cujos mananciais de superfície contribuem para o abastecimento dos reservatórios da Região Metropolitana da Grande Vitória.;IBRAMAR - INSTITUTO BRASILEIRO DOS RECURSOS AMBIENTAIS E ASSESSORIA RURAL;SP;10.468.208/0001-93;Em execução;2023-11-12;02000.002686/2021-30;39830008
915324;https://discricionarias.transferegov.sistema.gov.br/voluntarias/ConsultarProposta/ResultadoDaConsultaDePropostaDetalharProposta.do?idProposta=1656727&Usr=guest&Pwd=guest;CONVENIO;105087.51;21450.00;2E870035;Estruturação das atividades de saúde e bem estar animal, com enfoque no controle populacional de cães e gatos.;MUNICIPIO DE PEDRO DE TOLEDO;SP;46.578.530/0001-12;Em execução;2023-11-17;02000.002673/2021-60;41710009
915265;https://discricionarias.transferegov.sistema.gov.br/voluntarias/ConsultarProposta/ResultadoDaConsultaDePropostaDetalharProposta.do?idProposta=1662043&Usr=guest&Pwd=guest;CONVENIO;2578.00;32952.42;2E870035;Estruturação das atividades de saúde e bem-estar animal, incluindo o controle populacional de cães e gatos no município da Estância Turística de Olímpia – SP.;MUNICIPIO DA ESTANCIA TURISTICA DE OLIMPIA;ES;46.596.151/0001-55;Prestação de Contas enviada para Análise;2023-11-17;02000.002534/2021-30;39550013
918436;https://discricionarias.transferegov.sistema.gov.br/voluntarias/ConsultarProposta/ResultadoDaConsultaDePropostaDetalharProposta.do?idProposta=1700558&Usr=guest&Pwd=guest;CONVENIO;156800.38;0;2E870035;Estruturação das atividades de saúde e bem-estar animal, incluído controle populacional de cães e gatos.;MUNICIPIO DE ITAPOLIS;RJ;49.979.255/0001-37;Em execução;2023-11-26;02000.005447/2021-30;28150003
915468;https://discricionarias.transferegov.sistema.gov.br/voluntarias/ConsultarProposta/ResultadoDaConsultaDePropostaDetalharProposta.do?idProposta=1660422&Usr=guest&Pwd=guest;CONVENIO;408515.00;2800.00;2E870032;Estruturação das atividades de saúde e bem-estar animal, incluindo o controle populacional de cães e gatos.;MUNICIPIO DE COLATINA;RS;27.165.729/0001-74;Em execução;2023-11-26;02000.002603/2021-10;30930008
915403;https://discricionarias.transferegov.sistema.gov.br/voluntarias/ConsultarProposta/ResultadoDaConsultaDePropostaDetalharProposta.do?idProposta=1658315&Usr=guest&Pwd=guest;CONVENIO;100000.00;6800.38;2E870033;Estruturação de atividades de saúde e bem-estar animal, incluído o controle populacional de cães e gatos em situação de rua e vulneráveis no município de Cambuci/RJ.;MUNICIPIO DE CAMBUCI;RN;29.111.085/0001-67;Em execução;2023-11-26;02000.002550/2021-20;27780010
915344;https://discricionarias.transferegov.sistema.gov.br/voluntarias/ConsultarProposta/ResultadoDaConsultaDePropostaDetalharProposta.do?idProposta=1662540&Usr=guest&Pwd=guest;CONVENIO;343300.00;3400.00;2E870043;Estruturação das atividades de saúde e bem estar animal, incluindo o controle populacional de cães e gatos.;MUNICIPIO DE ERECHIM;SC;87.613.477/0001-20;Em execução;2023-11-26;02000.002586/2021-10;40730006
936964;https://discricionarias.transferegov.sistema.gov.br/voluntarias/ConsultarProposta/ResultadoDaConsultaDePropostaDetalharProposta.do?idProposta=1748939&Usr=guest&Pwd=guest;TERMO DE FOMENTO;260000.00;0;1,04E+91;Contribuir com a diminuição de dados/índices relativos aos maus-tratos contra os animais; controle populacional de caninos e felinos em situação de rua através de atendimento médico veterinário (castração), alimentação e recepção de tutores responsáveis e dispostos à adoção de animais no município de Mossoró/RN.;CEMAPA - CENTRO MODELO DE AJUDA E PROTECAO DOS ANIMAIS/ ABRIGO MOSSORO;MG;22.705.881/0001-89;Em execução;2023-11-30;02000.004998/2022-60;37420008
915458;https://discricionarias.transferegov.sistema.gov.br/voluntarias/ConsultarProposta/ResultadoDaConsultaDePropostaDetalharProposta.do?idProposta=1660859&Usr=guest&Pwd=guest;CONVENIO;100000.00;300;2E870042;Estruturação das atividades de saúde e bem estar animal, incluído o controle populacional de cães e gatos na cidade de Blumenau-SC.;MUNICIPIO DE BLUMENAU;CE;83.108.357/0001-15;Em execução;2023-12-01;02000.002590/2021-70;29250015
915415;https://discricionarias.transferegov.sistema.gov.br/voluntarias/ConsultarProposta/ResultadoDaConsultaDePropostaDetalharProposta.do?idProposta=1657909&Usr=guest&Pwd=guest;CONVENIO;1015.60;2000.00;2E870035;Estruturação das atividades de saúde e bem-estar animal, incluindo o controle populacional de cães e gatos através da aquisição do castramóvel, proporcionando qualidade de vida e controle de natalidade animal.;MUNICIPIO DE ITAPETININGA;SP;46.634.291/0001-70;Prestação de Contas enviada para Análise;2023-12-01;02000.002559/2021-30;28010009
915345;https://discricionarias.transferegov.sistema.gov.br/voluntarias/ConsultarProposta/ResultadoDaConsultaDePropostaDetalharProposta.do?idProposta=1662452&Usr=guest&Pwd=guest;CONVENIO;203000.00;10000.00;2E870031;Estruturação das atividades de saúde e bem-estar animal, incluído o controle populacional de cães e gatos;MUNICIPIO DE JUIZ DE FORA;MG;18.338.178/0001-02;Em execução;2023-12-02;02000.002634/2021-60;27550007
929831;https://discricionarias.transferegov.sistema.gov.br/voluntarias/ConsultarProposta/ResultadoDaConsultaDePropostaDetalharProposta.do?idProposta=1745802&Usr=guest&Pwd=guest;TERMO DE FOMENTO;251210.05;0;1,04E+91;Desenvolvimento de Campanhas educativas de conscientização sobre a posse responsável de animais domésticos e a realização de castrações de cães e gatos.;ASSOCIACAO PROTETORA DOS ANIMAIS JERI SOBRE PATAS;PR;21.928.837/0001-75;Em execução;2023-12-08;02000.001788/2022-10;39360003
919199;https://discricionarias.transferegov.sistema.gov.br/voluntarias/ConsultarProposta/ResultadoDaConsultaDePropostaDetalharProposta.do?idProposta=1700748&Usr=guest&Pwd=guest;CONVENIO;105000.00;1560.00;2E870035;Estruturação das atividades de saúde e bem-estar animal, incluído o controle populacional de cães e gatos no Município de Araçatuba;MUNICIPIO DE ARACATUBA;GO;45.511.847/0001-79;Em execução;2023-12-10;02000.002625/2021-70;28150003
918694;https://discricionarias.transferegov.sistema.gov.br/voluntarias/ConsultarProposta/ResultadoDaConsultaDePropostaDetalharProposta.do?idProposta=1663439&Usr=guest&Pwd=guest;CONVENIO;240000.00;13000.00;2E870031;Estruturação das atividades de saúde e bem-estar animal, com enfoque no controle populacional de cães e gatos.;MUNICIPIO DE LAJINHA;RJ;18.392.522/0001-41;Em execução;2023-12-10;02000.002614/2021-90;37140001
913890;https://discricionarias.transferegov.sistema.gov.br/voluntarias/ConsultarProposta/ResultadoDaConsultaDePropostaDetalharProposta.do?idProposta=1661336&Usr=guest&Pwd=guest;CONVENIO;179729.62;51210.05;2E870041;Contribuir para o Controle da População de animais em Situações Excepcionais e atenção veterinária.;MUNICIPIO DE ARAPONGAS;RS;76.958.966/0001-06;Em execução;2023-12-10;02000.002522/2021-10;39150005
913715;https://discricionarias.transferegov.sistema.gov.br/voluntarias/ConsultarProposta/ResultadoDaConsultaDePropostaDetalharProposta.do?idProposta=1660377&Usr=guest&Pwd=guest;CONVENIO;101254..44;35000.00;2E870024;Controle populacional dos animais de rua no Municipal de Pau dos Ferros/RN;MUNICIPIO DE PAU DOS FERROS;SP;08.148.421/0001-76;Prestação de Contas enviada para Análise;2023-12-10;02000.002466/2021-10;37420006
931899;https://discricionarias.transferegov.sistema.gov.br/voluntarias/ConsultarProposta/ResultadoDaConsultaDePropostaDetalharProposta.do?idProposta=1747525&Usr=guest&Pwd=guest;CONVENIO;116500.00;0;1,04E+91;Custeio para castração de cães e gatos para o municipio de Caldas-Novas-Go.;MUNICIPIO DE CALDAS NOVAS;SP;01.787.506/0001-55;Em execução;2023-12-13;02000.001775/2022-40;40580004
931497;https://discricionarias.transferegov.sistema.gov.br/voluntarias/ConsultarProposta/ResultadoDaConsultaDePropostaDetalharProposta.do?idProposta=1750406&Usr=guest&Pwd=guest;CONVENIO;105000.00;0;1,04E+91;Aquisição de veículo reboque com a finalidade de funcionamento de serviço médico veterinário móvel (castramóvel), para estruturação das atividades de saúde e bem-estar animal, incluindo o controle populacional de cães e gatos.;MUNICIPIO DE RIO DE JANEIRO;SP;42.498.733/0001-48;Em execução;2023-12-16;02000.001726/2022-10;39540002
919232;https://discricionarias.transferegov.sistema.gov.br/voluntarias/ConsultarProposta/ResultadoDaConsultaDePropostaDetalharProposta.do?idProposta=1661517&Usr=guest&Pwd=guest;CONVENIO;250000.00;4729.62;2E870043;Estruturação das atividades de saúde e bem-estar animal, incluindo o controle populacional de cães.;MUNICIPIO DE SANTO ANTONIO DA PATRULHA;RJ;88.814.199/0001-32;Em execução;2023-12-16;02000.002587/2021-50;28730003
919219;https://discricionarias.transferegov.sistema.gov.br/voluntarias/ConsultarProposta/ResultadoDaConsultaDePropostaDetalharProposta.do?idProposta=1700810&Usr=guest&Pwd=guest;CONVENIO;344500.00;1254.44;2E870035;Estruturação das atividades de saúde e bem-estar animal, incluído o controle populacional de cães e gatos.;MUNICIPIO DE MOGI-MIRIM;PR;45.332.095/0001-89;Em execução;2023-12-16;02000.005478/2021-90;28150003
919218;https://discricionarias.transferegov.sistema.gov.br/voluntarias/ConsultarProposta/ResultadoDaConsultaDePropostaDetalharProposta.do?idProposta=1701820&Usr=guest&Pwd=guest;CONVENIO;176300.00;16500.00;2E870035;Estruturação das atividades de saúde e bem-estar animal, incluído o controle populacional de cães e gatos no município de Charqueada/SP.;MUNICIPIO DE CHARQUEADA;RS;45.732.013/0001-93;Em execução;2023-12-16;02000.005479/2021-30;28150003
918719;https://discricionarias.transferegov.sistema.gov.br/voluntarias/ConsultarProposta/ResultadoDaConsultaDePropostaDetalharProposta.do?idProposta=1701485&Usr=guest&Pwd=guest;CONVENIO;102000.00;5000.00;2E870035;Estruturação das atividades de saúde e bem-estar animal, incluído o controle populacional de cães e gatos no Município de Marília-SP;MUNICIPIO DE MARILIA;SP;44.477.909/0001-00;Em execução;2023-12-16;02000.005460/2021-90;28150003
914381;https://discricionarias.transferegov.sistema.gov.br/voluntarias/ConsultarProposta/ResultadoDaConsultaDePropostaDetalharProposta.do?idProposta=1663587&Usr=guest&Pwd=guest;TERMO DE FOMENTO;128490.00;0;2E870033;atender 700 animais em situa��o de risco por ano, castrar e realizar atendimento inicial na UMEES.;ASSOCIACAO SEGUNDA CHANCE RESGATES E PROTECAO ANIMAL;SP;08.665.637/0001-09;Em execução;2023-12-16;02000.002473/2021-10;37560012
914346;https://discricionarias.transferegov.sistema.gov.br/voluntarias/ConsultarProposta/ResultadoDaConsultaDePropostaDetalharProposta.do?idProposta=1657171&Usr=guest&Pwd=guest;CONVENIO;101000.00;2000.00;2E874333;Estruturação das atividades de saúde e bem estar animal, incluindo o controle populacional de cães e gatos.;MUNICIPIO DE SANTA HELENA;SP;76.206.457/0001-19;Em execução;2023-12-16;02000.002520/2021-10;38090011
921046;https://discricionarias.transferegov.sistema.gov.br/voluntarias/ConsultarProposta/ResultadoDaConsultaDePropostaDetalharProposta.do?idProposta=1661745&Usr=guest&Pwd=guest;CONVENIO;1020000.00;1300.00;2E870043;Estruturação das atividades de saúde e bem-estar animal, incluindo o controle populacional de cães.;MUNICIPIO DE TORRES;SP;87.876.801/0001-01;Em execução;2023-12-20;02000.002606/2021-40;32400001
919496;https://discricionarias.transferegov.sistema.gov.br/voluntarias/ConsultarProposta/ResultadoDaConsultaDePropostaDetalharProposta.do?idProposta=1700350&Usr=guest&Pwd=guest;CONVENIO;350000.00;2000.00;2E870035;Contratação de prestação de serviço médico veterinário de castração de cães e gatos, através de Unidade Móvel de Esterilização e Educação em Saúde, com fornecimento de kit pós cirurgia e implantação de chip identificador;MUNICIPIO DE CACAPAVA;PE;45.189.305/0001-21;Em execução;2023-12-20;02000.005462/2021-80;28150003
919280;https://discricionarias.transferegov.sistema.gov.br/voluntarias/ConsultarProposta/ResultadoDaConsultaDePropostaDetalharProposta.do?idProposta=1700092&Usr=guest&Pwd=guest;CONVENIO;202000.00;28490.00;2E870035;Estruturação das atividades de saúde e bem-estar animal, com enfoque no controle populacional de cães e gatos do município de Presidente Prudente - SP.;MUNICIPIO DE PRESIDENTE PRUDENTE;RS;55.356.653/0001-08;Em execução;2023-12-20;02000.005406/2021-40;28150003
919216;https://discricionarias.transferegov.sistema.gov.br/voluntarias/ConsultarProposta/ResultadoDaConsultaDePropostaDetalharProposta.do?idProposta=1699951&Usr=guest&Pwd=guest;CONVENIO;263033.34;1000.00;2E870035;Adequação da Unidade Móvel de Esterilização e Educação em Saúde (UMEES) e ampliação das atividades do Departamento de Proteção e Bem Estar Animal.;MUNICIPIO DE LIMEIRA;RJ;45.132.495/0001-40;Em execução;2023-12-20;02000.005461/2021-30;28150003
914081;https://discricionarias.transferegov.sistema.gov.br/voluntarias/ConsultarProposta/ResultadoDaConsultaDePropostaDetalharProposta.do?idProposta=1657244&Usr=guest&Pwd=guest;CONVENIO;100000.00;20000.00;2E873669;Estruturação do projeto de controle populacional de cães e gatos com a modernização do Departamento de Proteção e Bem-Estar Animal no município de Limeira/SP.;MUNICIPIO DE LIMEIRA;CE;45.132.495/0001-40;Em execução;2023-12-20;02000.002616/2021-80;37300003
930153;https://discricionarias.transferegov.sistema.gov.br/voluntarias/ConsultarProposta/ResultadoDaConsultaDePropostaDetalharProposta.do?idProposta=1750429&Usr=guest&Pwd=guest;TERMO DE FOMENTO;100000.00;0;1,04E+91;Estruturação das atividades de saúde e bem-estar animal, incluindo o controle populacional de cães e gatos.;LAIKA VITAE;CE;21.977.188/0001-00;Em execução;2023-12-23;02000.001725/2022-60;41750016
931565;https://discricionarias.transferegov.sistema.gov.br/voluntarias/ConsultarProposta/ResultadoDaConsultaDePropostaDetalharProposta.do?idProposta=1750295&Usr=guest&Pwd=guest;CONVENIO;467420.66;0;1,04E+91;Estruturação das atividades de saúde e bem-estar animal, com enfoque no atendimento de urgência e emergência para animais domésticos de pequeno porte, posse responsável e conscientização da causa animal.;MUNICIPIO DO RIO GRANDE;RJ;88.566.872/0001-62;Em execução;2023-12-26;02000.001729/2022-40;32400009
930152;https://discricionarias.transferegov.sistema.gov.br/voluntarias/ConsultarProposta/ResultadoDaConsultaDePropostaDetalharProposta.do?idProposta=1749616&Usr=guest&Pwd=guest;CONVENIO;262500.00;15511.34;1,04E+91;Estruturação das atividades de saúde e bem-estar animal, com enfoque no controle populacional de cães e gatos no Município de Petrópolis.;MUNICIPIO DE PETROPOLIS;MG;29.138.344/0001-43;Em execução;2023-12-26;02000.001746/2022-80;42100006
930139;https://discricionarias.transferegov.sistema.gov.br/voluntarias/ConsultarProposta/ResultadoDaConsultaDePropostaDetalharProposta.do?idProposta=1749702&Usr=guest&Pwd=guest;TERMO DE FOMENTO;120782.83;0;1,04E+91;Estruturação das atividades de saúde e bem-estar animal, incluído o controle populacional de cães e gatos.;ORGANIZACAO NAO GOVERNAMENTAL SAO LAZARO - APOIO AO ANIMAL CARENTE;SP;13.043.465/0001-71;Em execução;2023-12-26;02000.001743/2022-40;39360003
930155;https://discricionarias.transferegov.sistema.gov.br/voluntarias/ConsultarProposta/ResultadoDaConsultaDePropostaDetalharProposta.do?idProposta=1749462&Usr=guest&Pwd=guest;TERMO DE FOMENTO;164320.00;0;1,04E+91;Contratação de serviço para estruturação das atividades de saúde e bem-estar animal, incluído o controle populacional de cães e gatos.;ORGANIZACAO NAO GOVERNAMENTAL SAO LAZARO - APOIO AO ANIMAL CARENTE;PB;13.043.465/0001-71;Em execução;2023-12-27;02000.001748/2022-70;37330002
922608;https://discricionarias.transferegov.sistema.gov.br/voluntarias/ConsultarProposta/ResultadoDaConsultaDePropostaDetalharProposta.do?idProposta=1718795&Usr=guest&Pwd=guest;CONVENIO;180300.00;6000.00;2E870033;Estruturação das atividades de Saúde e Bem-Estar Animal, incluindo o Controle Populacional de cães e gatos.;MUNICIPIO DE RIO DAS FLORES;RJ;29.179.454/0001-53;Em execução;2023-12-27;02000.006954/2021-90;37650002
921010;https://discricionarias.transferegov.sistema.gov.br/voluntarias/ConsultarProposta/ResultadoDaConsultaDePropostaDetalharProposta.do?idProposta=1718726&Usr=guest&Pwd=guest;CONVENIO;187200.00;12500.00;2E870031;Estruturação das atividades de saúde e bem-estar animal, incluído o controle populacional de cães e gatos.;MUNICIPIO DE VARGINHA;MG;18.240.119/0001-05;Em execução;2023-12-27;02000.002633/2021-10;27550007
919203;https://discricionarias.transferegov.sistema.gov.br/voluntarias/ConsultarProposta/ResultadoDaConsultaDePropostaDetalharProposta.do?idProposta=1701327&Usr=guest&Pwd=guest;CONVENIO;252525.25;20782.83;2E870035;Aquisição de equipamentos e insumos para reestruturação do Centro de Zoonoses do Município de Barra Bonita-SP;MUNICIPIO DE BARRA BONITA;SP;46.172.888/0001-40;Em execução;2023-12-27;02000.005405/2021-00;28150003
918577;https://discricionarias.transferegov.sistema.gov.br/voluntarias/ConsultarProposta/ResultadoDaConsultaDePropostaDetalharProposta.do?idProposta=1660582&Usr=guest&Pwd=guest;CONVENIO;100000.00;24320.00;2E870025;Estruturação das atividades de saúde e bem-estar animal, incluído o controle populacional de cães e gatos.;MUNICIPIO DE MONTEIRO;CE;09.073.628/0001-91;Em execução;2023-12-27;02000.002462/2021-20;39690009
915398;https://discricionarias.transferegov.sistema.gov.br/voluntarias/ConsultarProposta/ResultadoDaConsultaDePropostaDetalharProposta.do?idProposta=1658911&Usr=guest&Pwd=guest;CONVENIO;100000.00;30300.00;2E870033;Estruturação das atividades de saúde e bem-estar animal, incluindo o controle populacional de cães e gatos.;MUNICIPIO DE QUEIMADOS;CE;39.485.412/0001-02;Em execução;2023-12-27;02000.002556/2021-00;27780010
915396;https://discricionarias.transferegov.sistema.gov.br/voluntarias/ConsultarProposta/ResultadoDaConsultaDePropostaDetalharProposta.do?idProposta=1661992&Usr=guest&Pwd=guest;CONVENIO;178849.69;7200.00;2E870031;Equipar o município de Campos Altos para contribuir com o Controle Populacional de Cães e Gatos.;MUNICIPIO DE CAMPOS ALTOS;SC;18.298.190/0001-30;Em execução;2023-12-27;02000.002696/2021-70;39900001
918131;https://discricionarias.transferegov.sistema.gov.br/voluntarias/ConsultarProposta/ResultadoDaConsultaDePropostaDetalharProposta.do?idProposta=1661694&Usr=guest&Pwd=guest;CONVENIO;100000.00;2525.25;2E870035;Apoio à gestão da Unidade Básica de Saúde Animal da cidade de São Vicente/SP.;MUNICIPIO DE SAO VICENTE;CE;46.177.523/0001-09;Em execução;2023-12-28;02000.002672/2021-10;41710001
936845;https://discricionarias.transferegov.sistema.gov.br/voluntarias/ConsultarProposta/ResultadoDaConsultaDePropostaDetalharProposta.do?idProposta=1747294&Usr=guest&Pwd=guest;TERMO DE FOMENTO;816588.32;0;1,04E+91;Contribuir para o controle populacional de cães e gatos no Município de Aracati – CE.;ASSOCIACAO DE PROTECAO AOS ANIMAIS DE ARACATI/CE - APADA;SP;23.889.774/0001-10;Em execução;2023-12-30;02000.004999/2022-10;41380006
936355;https://discricionarias.transferegov.sistema.gov.br/voluntarias/ConsultarProposta/ResultadoDaConsultaDePropostaDetalharProposta.do?idProposta=1749369&Usr=guest&Pwd=guest;TERMO DE FOMENTO;100923.14;0;1,04E+91;Promover o acolhimento, a alimentação e castração de cães e gatos em situação de vulnerabilidade em diferentes bairros da cidade de Juazeiro do Norte – CE.;ASSOCIACAO PROTETORA DOS ANIMAIS CARENTES - APAC;SP;18.638.562/0001-20;Em execução;2023-12-30;02000.004996/2022-70;41380006
930418;https://discricionarias.transferegov.sistema.gov.br/voluntarias/ConsultarProposta/ResultadoDaConsultaDePropostaDetalharProposta.do?idProposta=1748384&Usr=guest&Pwd=guest;CONVENIO;260000.00;0;1,04E+91;Estruturação e suporte das atividades de saúde e de bem-estar animal, com enfoque no controle populacional de cães e gatos errantes ou em situação de abandono e àqueles pertencentes a pessoas e famílias de baixa renda, residentes no município de Laguna/SC.;MUNICIPIO DE LAGUNA;MG;82.928.706/0001-82;Em execução;2023-12-30;02000.001767/2022-00;41290011
930280;https://discricionarias.transferegov.sistema.gov.br/voluntarias/ConsultarProposta/ResultadoDaConsultaDePropostaDetalharProposta.do?idProposta=1749484&Usr=guest&Pwd=guest;TERMO DE FOMENTO;260000.00;0;1,04E+91;Estruturação das atividades de saúde e bem estar animal, incluído o controle populacional de cães e gatos;INSTITUTO PET SOCIAL PATINHAS DE RUA;SC;27.848.230/0001-61;Em execução;2023-12-30;02000.001747/2022-20;41380006
930265;https://discricionarias.transferegov.sistema.gov.br/voluntarias/ConsultarProposta/ResultadoDaConsultaDePropostaDetalharProposta.do?idProposta=1746049&Usr=guest&Pwd=guest;TERMO DE FOMENTO;192500.00;0;1,04E+91;Prestação de serviços com a finalidade de controle da população de cães e gatos de rua e realização de cirurgias de alta complexidade.;O.N.G. VIVA BICHO;RJ;04.024.684/0001-12;Em execução;2023-12-30;02000.001785/2022-80;41710007
919558;https://discricionarias.transferegov.sistema.gov.br/voluntarias/ConsultarProposta/ResultadoDaConsultaDePropostaDetalharProposta.do?idProposta=1700455&Usr=guest&Pwd=guest;CONVENIO;447300.00;923.14;2E870035;Ações que contribuem para o controle populacional de animais em situação de vulnerabilidade e abandono.;MUNICIPIO DE MINEIROS DO TIETE;ES;46.199.253/0001-37;Em execução;2023-12-31;02000.005481/2021-10;28150003
919554;https://discricionarias.transferegov.sistema.gov.br/voluntarias/ConsultarProposta/ResultadoDaConsultaDePropostaDetalharProposta.do?idProposta=1704593&Usr=guest&Pwd=guest;CONVENIO;118890.00;0;2E870031;Estruturação das atividades de saúde e bem-estar animal, incluído o controle populacional de cães e gatos;MUNICIPIO DE BURITIZEIRO;SP;18.279.067/0001-72;Em execução;2023-12-31;02000.002591/2021-10;39910006
915457;https://discricionarias.transferegov.sistema.gov.br/voluntarias/ConsultarProposta/ResultadoDaConsultaDePropostaDetalharProposta.do?idProposta=1662112&Usr=guest&Pwd=guest;CONVENIO;175200.00;5000.00;2E870042;Estruturação das atividades de saúde e bem-estar animal, incluído o controle populacional de cães e gatos.;MUNICIPIO DE LAGES;RS;82.777.301/0001-90;Em execução;2023-12-31;02000.002589/2021-40;29250015
914644;https://discricionarias.transferegov.sistema.gov.br/voluntarias/ConsultarProposta/ResultadoDaConsultaDePropostaDetalharProposta.do?idProposta=1663441&Usr=guest&Pwd=guest;CONVENIO;255000.00;1700.00;2E870033;Aquisição de unidade móvel para o atendimento clinico e veterinário para o controle populacional de animais.;MUNICIPIO DE MANGARATIBA;RJ;29.138.310/0001-59;Em execução;2023-12-31;02000.002517/2021-00;37650002
914384;https://discricionarias.transferegov.sistema.gov.br/voluntarias/ConsultarProposta/ResultadoDaConsultaDePropostaDetalharProposta.do?idProposta=1663293&Usr=guest&Pwd=guest;CONVENIO;115653.00;0;2E870032;Estruturação das atividades de saúde e de bem-estar animal, incluindo o controle populacional de cães e gatos.;MUNICIPIO DE VITORIA;SP;27.142.058/0001-26;Em execução;2024-01-01;02000.002487/2021-20;14180009
919210;https://discricionarias.transferegov.sistema.gov.br/voluntarias/ConsultarProposta/ResultadoDaConsultaDePropostaDetalharProposta.do?idProposta=1700431&Usr=guest&Pwd=guest;CONVENIO;408294.26;0;2E870035;Estruturação das atividades de saúde e bem-estar animal, com enfoque no controle populacional de cães e gatos do município de Morro Agudo.;MUNICIPIO DE MORRO AGUDO;PB;45.345.899/0001-12;Em execução;2024-01-10;02000.005459/2021-60;28150003
919225;https://discricionarias.transferegov.sistema.gov.br/voluntarias/ConsultarProposta/ResultadoDaConsultaDePropostaDetalharProposta.do?idProposta=1661418&Usr=guest&Pwd=guest;CONVENIO;150500.00;200;2E870043;Estruturação das atividades de saúde e bem-estar animal, incluindo o controle populacional de cães e gatos.;MUNICIPIO DE BUTIA;SP;88.117.718/0001-03;Em execução;2024-01-16;02000.002583/2021-70;28730003
919355;https://discricionarias.transferegov.sistema.gov.br/voluntarias/ConsultarProposta/ResultadoDaConsultaDePropostaDetalharProposta.do?idProposta=1700776&Usr=guest&Pwd=guest;CONVENIO;180000.00;5000.00;2E870033;Estruturação das atividades de Saúde e Bem-Estar Animal, incluindo o Controle Populacional de cães e Gatos.;MUNICIPIO DE VARRE-SAI;GO;39.217.831/0001-55;Em execução;2024-01-20;02000.002669/2021-00;41580003
919612;https://discricionarias.transferegov.sistema.gov.br/voluntarias/ConsultarProposta/ResultadoDaConsultaDePropostaDetalharProposta.do?idProposta=1701518&Usr=guest&Pwd=guest;CONVENIO;250000.00;15653.00;2E870035;Ampliação das atividades de saúde e bem-estar animal em animais que são recolhidos e acompanhados no canil municipal de Botucatu/SP.;MUNICIPIO DE BOTUCATU;MS;46.634.101/0001-15;Em execução;2024-01-31;02000.005424/2021-20;28150003
915579;https://discricionarias.transferegov.sistema.gov.br/voluntarias/ConsultarProposta/ResultadoDaConsultaDePropostaDetalharProposta.do?idProposta=1659502&Usr=guest&Pwd=guest;CONVENIO;404000.00;5353.63;2E870025;Estruturação das atividades de saúde e bem-estar animal, com enfoque no controle populacional de cães e gatos no município de Cabedelo/PB.;MUNICIPIO DE CABEDELO;RS;09.012.493/0001-54;Em execução;2024-03-10;02000.002618/2021-70;37390015
930160;https://discricionarias.transferegov.sistema.gov.br/voluntarias/ConsultarProposta/ResultadoDaConsultaDePropostaDetalharProposta.do?idProposta=1749812&Usr=guest&Pwd=guest;CONVENIO;118174.84;0;1,04E+91;Estruturação das atividades de saúde e bem-estar animal, incluído o controle populacional de cães e gatos.;MUNICIPIO DE PITANGUEIRAS;SP;45.370.707/0001-28;Em execução;2024-03-27;02000.001738/2022-30;42000004
915471;https://discricionarias.transferegov.sistema.gov.br/voluntarias/ConsultarProposta/ResultadoDaConsultaDePropostaDetalharProposta.do?idProposta=1658611&Usr=guest&Pwd=guest;CONVENIO;2021.00;15000.00;2E870028;Estruturação das atividades de saúde e bem-estar animal, incluindo o controle populacional de cães e gatos.;MUNICIPIO DE CAPELA;MS;13.119.961/0001-61;Prestação de Contas enviada para Análise;2024-04-01;02000.002605/2021-00;31000008
930144;https://discricionarias.transferegov.sistema.gov.br/voluntarias/ConsultarProposta/ResultadoDaConsultaDePropostaDetalharProposta.do?idProposta=1746217&Usr=guest&Pwd=guest;CONVENIO;1800000.00;0;1,04E+91;Estruturação das atividades de saúde e bem-estar animal, incluído o controle populacional de cães e gatos;MUNICIPIO DE SILVANIA;RJ;01.068.030/0001-00;Em execução;2024-04-29;02000.001784/2022-30;40580009
931562;https://discricionarias.transferegov.sistema.gov.br/voluntarias/ConsultarProposta/ResultadoDaConsultaDePropostaDetalharProposta.do?idProposta=1750623&Usr=guest&Pwd=guest;TERMO DE FOMENTO;303772.94;0;1,04E+91;Implementação de Projeto de Castração de Cães e Gatos em Dourados - MS.;ASSOCIACAO PROTETORA DOS ANIMAIS REFUGIO DOS BICHOS;GO;20.845.276/0001-88;Em execução;2024-04-30;02000.001723/2022-70;40860004
936005;https://discricionarias.transferegov.sistema.gov.br/voluntarias/ConsultarProposta/ResultadoDaConsultaDePropostaDetalharProposta.do?idProposta=1791430&Usr=guest&Pwd=guest;CONVENIO;251000.00;0;1,04E+91;Aquisição de veículo reboque Trailer, zero quilômetro, com a finalidade de funcionamento de serviço médico-veterinário móvel (Castramóvel), conforme especificações constantes do Anexo - Termo de Referência;CONSORCIO INTERMUNICIPAL DE DESENVOLVIMENTO SUSTENTAVEL DA SERRA GAUCHA - CISGA;PB;14.662.467/0001-01;Em execução;2024-05-30;02000.005008/2022-10;37180011
917821;https://discricionarias.transferegov.sistema.gov.br/voluntarias/ConsultarProposta/ResultadoDaConsultaDePropostaDetalharProposta.do?idProposta=1659917&Usr=guest&Pwd=guest;CONVENIO;1010000.00;5905.00;2E870035;CONTRIBUIR PARA O TRATAMENTO E MELHORAR A QUALIDADE DE VIDA DE ANIMAIS DE RUA EM SITUAÇÃO DE VULNERABILIDADE / RISCO.;MUNICIPIO DE JAHU;PB;46.195.079/0001-54;Em execução;2024-06-10;02000.002626/2021-10;28150003
930149;https://discricionarias.transferegov.sistema.gov.br/voluntarias/ConsultarProposta/ResultadoDaConsultaDePropostaDetalharProposta.do?idProposta=1750298&Usr=guest&Pwd=guest;CONVENIO;203000.00;0;1,04E+91;Estruturação das atividades de saúde e bem-estar animal, com enfoque no controle populacional de cães e gatos.;MUNICIPIO DE RIO BRILHANTE;RS;03.681.582/0001-07;Em execução;2024-06-26;02000.001728/2022-00;28360001
931439;https://discricionarias.transferegov.sistema.gov.br/voluntarias/ConsultarProposta/ResultadoDaConsultaDePropostaDetalharProposta.do?idProposta=1746926&Usr=guest&Pwd=guest;CONVENIO;170200.00;0;1,04E+91;Estruturação das atividades de saúde e bem-estar animal, com enfoque no controle populacional de cães e gatos no Município de Belford Roxo/RJ.;MUNICIPIO DE BELFORD ROXO;RJ;39.485.438/0001-42;Em execução;2024-06-30;02000.001779/2022-20;39520013
930545;https://discricionarias.transferegov.sistema.gov.br/voluntarias/ConsultarProposta/ResultadoDaConsultaDePropostaDetalharProposta.do?idProposta=1747683&Usr=guest&Pwd=guest;CONVENIO;151500.00;0;1,04E+91;Estruturação das atividades de saúde e bem-estar animal, com enfoque no controle populacional de cães e gatos no Município de Ipameri (GO).;MUNICIPIO DE IPAMERI;SP;01.763.606/0001-41;Em execução;2024-08-26;02000.001774/2022-00;19550014
917566;https://discricionarias.transferegov.sistema.gov.br/voluntarias/ConsultarProposta/ResultadoDaConsultaDePropostaDetalharProposta.do?idProposta=1702202&Usr=guest&Pwd=guest;CONTRATO DE REPASSE;160000.00;0;2E870025;Estruturação das atividades de saúde e bem-estar animal em Cajazeiras - PB e região metropolitana, incluído ofertar a primeira etapa da Construção de Centro de Controle de Zoonoses;MUNICIPIO DE CAJAZEIRAS;MS;08.923.971/0001-15;Em execução;2024-09-30;02000.002617/2021-20;37390015
910468;https://discricionarias.transferegov.sistema.gov.br/voluntarias/ConsultarProposta/ResultadoDaConsultaDePropostaDetalharProposta.do?idProposta=1658278&Usr=guest&Pwd=guest;CONTRATO DE REPASSE;251000.00;0;2E877000;Estruturação das Atividades de Saúde e bem-estar animal em João Pessoa - PB e região Metropolitana, incluído ofertar um Hospital Público Veterinário.;MUNICIPIO DE JOAO PESSOA;PA;08.778.326/0001-56;Em execução;2024-09-30;02000.002547/2021-10;27150005
931585;https://discricionarias.transferegov.sistema.gov.br/voluntarias/ConsultarProposta/ResultadoDaConsultaDePropostaDetalharProposta.do?idProposta=1750197&Usr=guest&Pwd=guest;CONVENIO;107926.00;5000.00;1,04E+91;Estruturação das atividades de controle populacional e bem-estar animal no Município de Sapucaia do Sul - RS.;MUNICIPIO DE SAPUCAIA DO SUL;SP;88.185.020/0001-25;Em execução;2024-11-08;02000.001730/2022-70;39200002
914645;https://discricionarias.transferegov.sistema.gov.br/voluntarias/ConsultarProposta/ResultadoDaConsultaDePropostaDetalharProposta.do?idProposta=1660065&Usr=guest&Pwd=guest;CONVENIO;508966.67;200;2E870033;Equipar o município para controle de zoonoses e controle populacional de cães e gatos no Município de Italva/RJ;MUNICIPIO DE ITALVA;PB;30.417.158/0001-22;Em execução;2024-12-10;02000.002518/2021-40;37650002
931473;https://discricionarias.transferegov.sistema.gov.br/voluntarias/ConsultarProposta/ResultadoDaConsultaDePropostaDetalharProposta.do?idProposta=1746796&Usr=guest&Pwd=guest;CONVENIO;460000.00;0;1,04E+91;Estruturação das atividades de saúde e bem-estar animal, com enfoque no controle populacional de cães e gatos no município de Guará/SP.;MUNICIPIO DE GUARA;SP;45.353.299/0001-04;Em execução;2024-12-13;02000.001781/2022-00;42000004
930411;https://discricionarias.transferegov.sistema.gov.br/voluntarias/ConsultarProposta/ResultadoDaConsultaDePropostaDetalharProposta.do?idProposta=1748784&Usr=guest&Pwd=guest;CONVENIO;100200.00;10000.00;1,04E+91;Implantação de projeto de castração de cães e gatos no Município de Costa Rica/MS.;MUNICIPIO DE COSTA RICA;SP;15.389.596/0001-30;Em execução;2024-12-14;02000.001761/2022-20;28360001
919227;https://discricionarias.transferegov.sistema.gov.br/voluntarias/ConsultarProposta/ResultadoDaConsultaDePropostaDetalharProposta.do?idProposta=1700086&Usr=guest&Pwd=guest;CONVENIO;259522.98;1000.00;2E870015;Estruturação das atividades de saúde e bem-estar animal, com enfoque no controle populacional de cães e gatos no Município de Marituba.;MUNICIPIO DE MARITUBA;CE;01.611.666/0001-49;Em execução;2024-12-16;02000.002703/2021-30;41870008
931683;https://discricionarias.transferegov.sistema.gov.br/voluntarias/ConsultarProposta/ResultadoDaConsultaDePropostaDetalharProposta.do?idProposta=1748919&Usr=guest&Pwd=guest;CONVENIO;359786.63;0;1,04E+91;Estruturacao das atividadesde saude e bem-estar animal, com enfoque no controle populacional de caes e gatos no municipio de Lins-SP;MUNICIPIO DE LINS;PB;44.531.788/0001-38;Em execução;2024-12-26;02000.001758/2022-10;28150006
935868;https://discricionarias.transferegov.sistema.gov.br/voluntarias/ConsultarProposta/ResultadoDaConsultaDePropostaDetalharProposta.do?idProposta=1748849&Usr=guest&Pwd=guest;CONVENIO;120000.00;0;1,04E+91;Estruturação das atividades de saúde e bem-estar animal, incluído o controle populacional de cães e gatos;MUNICIPIO DE TAPEROA;CE;08.749.525/0001-36;Em execução;2024-12-27;02000.005010/2022-80;24490022
935768;https://discricionarias.transferegov.sistema.gov.br/voluntarias/ConsultarProposta/ResultadoDaConsultaDePropostaDetalharProposta.do?idProposta=1749720&Usr=guest&Pwd=guest;CONVENIO;101000.00;0;1,04E+91;Estruturação das atividades de saúde e bem-estar animal, com enfoque no controle populacional de cães e gatos no Município de Mairiporã (SP).;MUNICIPIO DE MAIRIPORA;GO;46.523.163/0001-50;Em execução;2024-12-27;02000.001740/2022-10;40210004
922854;https://discricionarias.transferegov.sistema.gov.br/voluntarias/ConsultarProposta/ResultadoDaConsultaDePropostaDetalharProposta.do?idProposta=1700496&Usr=guest&Pwd=guest;CONVENIO;358780.00;200;2E870035;Estruturação das atividades de saúde e bem estar animal, incluindo o controle populacional de cães e gatos.;MUNICIPIO DE PRESIDENTE EPITACIO;RJ;55.293.427/0001-17;Em execução;2024-12-29;02000.005401/2021-10;28150003
938198;https://discricionarias.transferegov.sistema.gov.br/voluntarias/ConsultarProposta/ResultadoDaConsultaDePropostaDetalharProposta.do?idProposta=1811966&Usr=guest&Pwd=guest;CONVENIO;353322.00;9522.98;1,04E+91;Estruturação das atividades de controle populacional e bem-estar animal no município de Paraipaba/CE.;MUNICIPIO DE PARAIPABA;PE;10.380.608/0001-42;Em execução;2024-12-30;02000.007564/2022-10;27000010
935884;https://discricionarias.transferegov.sistema.gov.br/voluntarias/ConsultarProposta/ResultadoDaConsultaDePropostaDetalharProposta.do?idProposta=1749008&Usr=guest&Pwd=guest;CONVENIO;101044.20;0;1,04E+91;Equipamentos de saúde hospitalar veterinária para o Hospital Veterinário Público Municipal de João Pessoa - PB, garantindo a assistência para a população pessoense.;MUNICIPIO DE JOAO PESSOA;RS;08.778.326/0001-56;Em execução;2024-12-30;02000.004997/2022-10;27150005
931614;https://discricionarias.transferegov.sistema.gov.br/voluntarias/ConsultarProposta/ResultadoDaConsultaDePropostaDetalharProposta.do?idProposta=1749719&Usr=guest&Pwd=guest;CONVENIO;355000.00;0;1,04E+91;Estruturação das atividades de controle populacional e bem-estar animal no município de Caucaia - CE;MUNICIPIO DE CAUCAIA;ES;07.616.162/0001-06;Em execução;2024-12-30;02000.001741/2022-50;37330006
931603;https://discricionarias.transferegov.sistema.gov.br/voluntarias/ConsultarProposta/ResultadoDaConsultaDePropostaDetalharProposta.do?idProposta=1747435&Usr=guest&Pwd=guest;CONVENIO;350425.00;0;1,04E+91;Estruturação das atividades de saúde e bem-estar animal, incluindo o controle populacional de cães e gatos no município de Jataí/GO.;MUNICIPIO DE JATAI;GO;01.165.729/0001-80;Em execução;2024-12-30;02000.001776/2022-90;40580004
930412;https://discricionarias.transferegov.sistema.gov.br/voluntarias/ConsultarProposta/ResultadoDaConsultaDePropostaDetalharProposta.do?idProposta=1749824&Usr=guest&Pwd=guest;CONVENIO;;0;1,04E+91;Adquirir equipamentos para auxiliar na estruturação das atividades de saúde e bem estar animal.;MUNICIPIO DE RIO DAS OSTRAS;;39.223.581/0001-66;Em execução;2024-12-30;02000.001737/2022-90;39520013
930150;https://discricionarias.transferegov.sistema.gov.br/voluntarias/ConsultarProposta/ResultadoDaConsultaDePropostaDetalharProposta.do?idProposta=1750744&Usr=guest&Pwd=guest;TERMO DE FOMENTO;;0;1,04E+91;Estruturação das atividades de saúde e bem estar animal, incluído o controle populacional de cães e gatos.;ASSOCIACAO INSTITUTO QUATRO PATAS;;30.284.654/0001-55;Em execução;2024-12-30;02000.001722/2022-20;33870006
929825;https://discricionarias.transferegov.sistema.gov.br/voluntarias/ConsultarProposta/ResultadoDaConsultaDePropostaDetalharProposta.do?idProposta=1745744&Usr=guest&Pwd=guest;CONVENIO;;0;1,04E+91;Estruturação de Atividades de Saúde e Bem-estar Animal, incluindo o Controle Populacional de Cães e Gatos no Município de Pinheiro Machado/RS.;MUNICIPIO DE PINHEIRO MACHADO;;88.084.942/0001-46;Em execução;2025-03-24;02000.001789/2022-60;32400009
928448;https://discricionarias.transferegov.sistema.gov.br/voluntarias/ConsultarProposta/ResultadoDaConsultaDePropostaDetalharProposta.do?idProposta=1748576&Usr=guest&Pwd=guest;CONTRATO DE REPASSE;;0;1,04E+91;Estruturação das atividades de saúde e bem-estar animal no Município de Santa Maria de Jetibá;MUNICIPIO DE SANTA MARIA DE JETIBA;;36.388.445/0001-38;Em execução;2025-05-20;02000.001762/2022-70;27730012
928450;https://discricionarias.transferegov.sistema.gov.br/voluntarias/ConsultarProposta/ResultadoDaConsultaDePropostaDetalharProposta.do?idProposta=1750002&Usr=guest&Pwd=guest;CONTRATO DE REPASSE;;0;-;A construção de clínica veterinária com estruturação das atividades de saúde e bem-estar animal desenvolvidas pelo Município de Cidade de Goiás - GO.;MUNICIPIO DE GOIAS;;02.295.772/0001-23;Em execução;2025-05-30;02000.001733/2022-10;39650004
